{"cameraMode":{"drawMode":0,"name":"Shaded","section":"Shading Mode"},"sceneLighting":false,"audioPlay":false,"sceneViewState":{"m_AlwaysRefresh":false,"showFog":true,"showSkybox":false,"showFlares":true,"showImageEffects":true,"showParticleSystems":true,"showVisualEffectGraphs":true,"m_FxEnabled":true},"in2DMode":false,"pivot":{"x":0.49485987424850466,"y":1.2633202075958253,"z":-0.7010854482650757},"rotation":{"x":-0.017492065206170083,"y":-0.9825014472007752,"z":0.12776139378547669,"w":-0.13466031849384309},"size":10.4409818649292,"orthographic":false}